exp,group,run_id
exp11,1,
exp11,2,
exp11,3,
exp11,4,
exp11,5,
exp11,6,
exp11,7,
exp11,8,
exp11,9,nk7v7kpc
exp11,10,it8npfkz
exp11,11,6kmigccq
exp11,12,9khbyzdj
exp11,13,or0dxwa3
exp11,14,qe5kk1l7
exp11,15,5yz0bn81
exp11,16,dy6q1209
exp11,17,zjcxrzrc
exp11,18,2jfzi6n4
exp11,19,ys44ecc1
exp11,20,1onp3ytz
exp11,21,82a5yuu9
exp11,22,ssgc1jiy
exp11,23,ucq532o5
exp11,24,j4e0jfv1
exp11,25,jtqoruj5
exp11,26,r2yhmoq1
exp12,1,ze5bwgyk
exp12,2,ewlbv7r6
exp12,3,f113iqxc
exp12,4,qequ1bov
exp12,5,myjn0dor
exp12,6,qts9loyu
exp12,7,szqj58p8
exp12,8,rwxp2y81
exp12,9,yxs4c7nv
exp12,10,z32ohp2t
exp12,11,oqnwc1dd
exp12,12,11cly4nx
exp12,13,3n52i7tj
exp12,14,8bpyq561
exp12,15,hqblfjr9
exp12,16,xlovrt41
exp12,17,zbi8zxpt
exp12,18,9gl89cs2
exp13,1,
exp13,2,
exp13,3,
exp13,4,x0qhmi4d
exp13,5,
exp13,6,
exp13,7,04e1a64a
exp13,8,
exp13,9,
exp13,10,
exp13,11,
exp13,12,
exp13,13,
exp13,14,
exp13,15,
exp13,16,
exp13,17,
exp13,18,
